INSERT INTO targetle.destination (destination_id, label) VALUES
    ('73b313f1-44a9-4501-95a6-60b42542cc5b', 'ICA Training Facility'),
    ('5e660426-255d-4c5c-9ac2-d07482982e4e', 'Paris'),
    ('5f546314-78d6-4c82-9d0b-4123f06ffec5', 'Sapienza'),
    ('d8665423-e97c-439a-8a3e-e1ae8faefeae', 'Marrakesh'),
    ('9e18428b-28ac-4a60-ac64-a8fdd529f20f', 'Bangkok'),
    ('60efcdb0-417c-474e-bdbd-eafcd715a78b', 'Colorado'),
    ('9f09620a-cbbf-4562-96cd-2f8281f47176', 'Hokkaidō'),
    ('6d8a0e02-94b3-45ad-9004-ba8e691233f5', 'Hawke''s Bay'),
    ('f83d0944-cdc1-4cb5-b681-2ec0683b14a7', 'Miami'),
    ('33d5380c-f28b-4b0a-9e6a-43a49ebb118e', 'Santa Fortuna'),
    ('373fc729-649d-4d0b-9699-483f8a369266', 'Mumbai'),
    ('056733e3-3216-4aba-8e34-ef47cea0c68f', 'Whittleton Creek'),
    ('e0f48120-5f59-441b-b68c-0adc6a1041b3', 'Isle Of Sgàil'),
    ('ce268b0a-f0d3-494a-b405-23132aa67b2c', 'New York'),
    ('828af398-072e-4fe7-8861-6c17942d6ea8', 'Haven Island'),
    ('3a8ad09c-8d07-42b0-b8cb-c3ad7bfea67c', 'Himmelstein'),
    ('61ce9412-5d1d-47ba-9047-429f6e447c09', 'Hantu Port'),
    ('d4ab10b9-77f8-4e2c-afca-fdb9a33944aa', 'Siberia'),
    ('91931bb0-8719-47d6-9b91-394f0f477b4c', 'Dubai'),
    ('f5e09238-87cf-416f-bbb9-836eb8ecb785', 'Dartmoor'),
    ('2595351b-7e64-48d3-9521-659c76bb24ff', 'Berlin'),
    ('e04b3e6f-35fe-4f41-8a90-a74fa3e058df', 'Chongqing'),
    ('ab14a100-d662-4872-845e-a05121c00c75', 'Mendoza'),
    ('b2f5faba-5e66-4e7a-a768-997b2a2a89b5', 'Carpathian Mountains'),
    ('341bb8dd-4d32-4495-bce5-20f64dddd09b', 'Ambrose Island');

INSERT INTO targetle.t_destination (destination_id, language, label) VALUES
    ('73b313f1-44a9-4501-95a6-60b42542cc5b', 'fr', 'Base de l''ICA'),
    ('056733e3-3216-4aba-8e34-ef47cea0c68f', 'fr', 'Crique de Whittleton'),
    ('e0f48120-5f59-441b-b68c-0adc6a1041b3', 'fr', 'Île de Sgàil'),
    ('828af398-072e-4fe7-8861-6c17942d6ea8', 'fr', 'Île Haven'),
    ('61ce9412-5d1d-47ba-9047-429f6e447c09', 'fr', 'Port de Hantu'),
    ('b2f5faba-5e66-4e7a-a768-997b2a2a89b5', 'fr', 'Carpates'),
    ('341bb8dd-4d32-4495-bce5-20f64dddd09b', 'fr', 'Île d''Ambrose');

INSERT INTO targetle.target (target_id, image_path, name, gender, destination, year_of_birth, nationality, hitman_game) VALUES
    ('e67f73e6-7d75-431d-b617-8fc66faa14bd', 'Kalvin-Ritter.webp', 'Kalvin Ritter', 'M', '73b313f1-44a9-4501-95a6-60b42542cc5b', 1983, 'BB', 'WOA1'),
    ('e7d47595-3ea4-4ff2-91a2-aaa2c91b4a1a', 'Jasper-Knight.webp', 'Jasper Knight', 'M', '73b313f1-44a9-4501-95a6-60b42542cc5b', 1972, 'US', 'WOA1'),
    ('e80b501f-2ff3-4c61-8468-d33c4b264af4', 'Viktor-Novikov.webp', 'Viktor Novikov', 'M', '5e660426-255d-4c5c-9ac2-d07482982e4e', 1980, 'RU', 'WOA1'),
    ('a0d970b0-4630-46c2-9c68-2d946ec92833', 'Dalia-Margolis.webp', 'Dalia Margolis', 'F', '5e660426-255d-4c5c-9ac2-d07482982e4e', 1982, 'IL', 'WOA1'),
    ('4ff1f84a-7f6d-4794-ac4d-1fefd32c09ee', 'Silvio-Caruso.webp', 'Silvio Caruso', 'M', '5f546314-78d6-4c82-9d0b-4123f06ffec5', 1983, 'IT', 'WOA1'),
    ('e3bb06b2-8da3-4eab-b0ac-bb6f59d14d08', 'Francesca-De-Santis.webp', 'Francesca De Santis', 'F', '5f546314-78d6-4c82-9d0b-4123f06ffec5', 1976, 'IT', 'WOA1'),
    ('93e87c5a-e149-40db-b0f4-429ff9b5e4d3', 'Dino-Bosco.webp', 'Dino Bosco', 'M', '5f546314-78d6-4c82-9d0b-4123f06ffec5', 1970, 'IT', 'WOA1'),
    ('4c86c8e2-93f2-409f-b289-b4bbcb32067e', 'Claus-Hugo-Strandberg.webp', 'Claus Hugo Strandberg', 'M', 'd8665423-e97c-439a-8a3e-e1ae8faefeae', 1968, 'SE', 'WOA1'),
    ('d781f7f0-2c29-47ab-8180-4efb5ab548a0', 'Reza-Zaydan.webp', 'Reza Zaydan', 'M', 'd8665423-e97c-439a-8a3e-e1ae8faefeae', 1970, 'MA', 'WOA1'),
    ('4a44b1c1-df5e-46e2-9756-e60258b26a83', 'Jordan-Cross.webp', 'Jordan Cross', 'M', '9e18428b-28ac-4a60-ac64-a8fdd529f20f', 1992, 'US', 'WOA1'),
    ('e6ad2d52-19fc-45db-a437-d56a8c2b3a38', 'Ken-Morgan.webp', 'Ken Morgan', 'M', '9e18428b-28ac-4a60-ac64-a8fdd529f20f', 1974, 'GB', 'WOA1'),
    ('2f1e5e30-717d-43b2-a9c4-57b8e97b3a61', 'Sean-Rose.webp', 'Sean Rose', 'M', '60efcdb0-417c-474e-bdbd-eafcd715a78b', 1971, 'AU', 'WOA1'),
    ('6bb6c73b-d38e-4b2a-84b9-8c8e6ef48c53', 'Maya-Parvati.webp', 'Maya Parvati', 'F', '60efcdb0-417c-474e-bdbd-eafcd715a78b', 1980, 'LK', 'WOA1'),
    ('12e14fe1-e992-4e67-b394-b7b2c5ff7a8c', 'Penelope-Graves.webp', 'Penelope Graves', 'F', '60efcdb0-417c-474e-bdbd-eafcd715a78b', 1984, 'GB', 'WOA1'),
    ('abcf4d76-5454-4d25-94b9-707d98c77ee0', 'Ezra-Berg.webp', 'Ezra Berg', 'M', '60efcdb0-417c-474e-bdbd-eafcd715a78b', 1962, 'IL', 'WOA1'),
    ('263d2147-b604-4600-b504-1c9b8727e9f6', 'Yuki-Yamazaki.webp', 'Yuki Yamazaki', 'F', '9f09620a-cbbf-4562-96cd-2f8281f47176', 1985, 'JP', 'WOA1'),
    ('e5402205-48db-4e2a-aee9-13b2bbfc3ad0', 'Erich-Soders.webp', 'Erich Soders', 'M', '9f09620a-cbbf-4562-96cd-2f8281f47176', 1955, 'DK', 'WOA1'),
    ('a93b7f0b-6fd0-4a7e-bdb9-1d25e8c489e4', 'Alma-Reynard.webp', 'Alma Reynard', 'F', '6d8a0e02-94b3-45ad-9004-ba8e691233f5', 1976, 'ES', 'WOA2'),
    ('ffb5e24e-fdfd-4558-9f74-6d66a2a7a65b', 'Robert-Knox.webp', 'Robert Knox', 'M', 'f83d0944-cdc1-4cb5-b681-2ec0683b14a7', 1970, 'US', 'WOA2'),
    ('d3503137-6f17-4707-93a5-c7f6beef1970', 'Sierra-Knox.webp', 'Sierra Knox', 'F', 'f83d0944-cdc1-4cb5-b681-2ec0683b14a7', 1990, 'US', 'WOA2'),
    ('b5c8aefb-4a1f-4e90-b16b-2357e0e09ff0', 'Rico-Delgado.webp', 'Rico Delgado', 'M', '33d5380c-f28b-4b0a-9e6a-43a49ebb118e', 1980, 'CO', 'WOA2'),
    ('e9bcfd7b-62f4-4c75-b9cc-daf3a459acfb', 'Andrea-Martinez.webp', 'Andrea Martinez', 'F', '33d5380c-f28b-4b0a-9e6a-43a49ebb118e', 1985, 'CL', 'WOA2'),
    ('fefb9b49-e4d7-4755-a6f6-69846d96d4f5', 'Jorge-Franco.webp', 'Jorge Franco', 'M', '33d5380c-f28b-4b0a-9e6a-43a49ebb118e', 1972, 'CL', 'WOA2'),
    ('600a7aa7-6c62-48d1-8a81-2f9328ee96d9', 'Vanya-Shah.webp', 'Vanya Shah', 'F', '373fc729-649d-4d0b-9699-483f8a369266', 1980, 'IN', 'WOA2'),
    ('3e2c32aa-4e68-4d73-91c1-fb97a1c50255', 'Dawood-Rangan.webp', 'Dawood Rangan', 'M', '373fc729-649d-4d0b-9699-483f8a369266', 1974, 'IN', 'WOA2'),
    ('3c289959-9840-427b-bd59-352b93ede128', 'Wazir-Kale.webp', 'Wazir Kale', 'M', '373fc729-649d-4d0b-9699-483f8a369266', 1978, 'IN', 'WOA2'),
    ('5068a11c-b04c-4a4d-b400-c4995c7b1d8f', 'Janus.webp', 'Janus', 'M', '056733e3-3216-4aba-8e34-ef47cea0c68f', 1928, 'RU', 'WOA2'),
    ('93b7c3b8-72a4-4d77-99d6-f9a4cf81a875', 'Nolan-Cassidy.webp', 'Nolan Cassidy', 'M', '056733e3-3216-4aba-8e34-ef47cea0c68f', 1975, 'US', 'WOA2'),
    ('e83562b3-dc96-4c5e-9056-c70e6f6514b3', 'Sophia-Washington.webp', 'Sophia Washington', 'F', 'e0f48120-5f59-441b-b68c-0adc6a1041b3', 1991, 'US', 'WOA2'),
    ('b49313c4-4309-4d74-99ab-bcc592a9f13c', 'Zoe-Washington.webp', 'Zoe Washington', 'F', 'e0f48120-5f59-441b-b68c-0adc6a1041b3', 1991, 'US', 'WOA2'),
    ('a2447b7d-c43d-4c16-9515-68e31de81e38', 'Athena-Savalas.webp', 'Athena Savalas', 'F', 'ce268b0a-f0d3-494a-b405-23132aa67b2c', 1969, 'GB', 'WOA2'),
    ('f9172314-bf56-40c5-a9cd-b40bda210d6a', 'Tyson-Williams.webp', 'Tyson Williams', 'M', '828af398-072e-4fe7-8861-6c17942d6ea8', 1965, 'US', 'WOA2'),
    ('f3859fa9-3b8b-45f2-a695-6257d3d2a1a9', 'Ljudmila-Vetrova.webp', 'Ljudmila Vetrova', 'F', '828af398-072e-4fe7-8861-6c17942d6ea8', 1986, 'GB', 'WOA2'),
    ('f6b3b021-c599-48b0-a043-e8a156682619', 'Steven-Bradley.webp', 'Steven Bradley', 'M', '828af398-072e-4fe7-8861-6c17942d6ea8', 1993, 'US', 'WOA2'),
    ('bd75a646-129e-45c6-8a9c-ce3404616ec1', 'Carl-Ingram.webp', 'Carl Ingram', 'M', '91931bb0-8719-47d6-9b91-394f0f477b4c', 1955, 'US', 'WOA3'),
    ('c3190790-da94-440c-b04c-2e5f282b64a7', 'Marcus-Stuyvesant.webp', 'Marcus Stuyvesant', 'M', '91931bb0-8719-47d6-9b91-394f0f477b4c', 1970, 'NL', 'WOA3'),
    ('0a37460d-5e70-44fb-a2ed-767a9f3db2e1', 'Alexa-Christine-Carlisle.webp', 'Alexa Christine Carlisle', 'F', 'f5e09238-87cf-416f-bbb9-836eb8ecb785', 1945, 'GB', 'WOA3'),
    ('ed7f5b7c-ca29-4ef2-9aa0-d249816c234d', 'Agent-Banner.webp', 'Agent Banner', 'M', '2595351b-7e64-48d3-9521-659c76bb24ff', 1985, 'GR', 'WOA3'),
    ('e51386c2-841c-436f-8749-0727889e9511', 'Agent-Price.webp', 'Agent Price', 'M', '2595351b-7e64-48d3-9521-659c76bb24ff', 1987, 'US', 'WOA3'),
    ('65c3da19-d70b-4e16-9294-32afde8167ca', 'Agent-Tremaine.webp', 'Agent Tremaine', 'M', '2595351b-7e64-48d3-9521-659c76bb24ff', 1990, 'US', 'WOA3'),
    ('431fca79-4fd0-4dd8-bc83-4876ea08baaf', 'Agent-Montgomery.webp', 'Agent Montgomery', 'M', '2595351b-7e64-48d3-9521-659c76bb24ff', 1982, 'US', 'WOA3'),
    ('83a8ed4d-209f-48c8-96b1-cd5a9bd8f460', 'Agent-Thames.webp', 'Agent Thames', 'M', '2595351b-7e64-48d3-9521-659c76bb24ff', 1986, 'US', 'WOA3'),
    ('96935b9c-7268-4646-879a-f1ca8264b6a5', 'Agent-Green.webp', 'Agent Green', 'M', '2595351b-7e64-48d3-9521-659c76bb24ff', 1984, 'US', 'WOA3'),
    ('b3eda799-d751-4c81-8405-910b5010edc0', 'Agent-Rhodes.webp', 'Agent Rhodes', 'M', '2595351b-7e64-48d3-9521-659c76bb24ff', 1989, 'US', 'WOA3'),
    ('54609c1f-68f5-4b9b-83c8-d93e52ff8feb', 'Agent-Swan.webp', 'Agent Swan', 'M', '2595351b-7e64-48d3-9521-659c76bb24ff', 1983, 'US', 'WOA3'),
    ('0e3e2b65-2e7f-481e-8117-7340519ff548', 'Agent-Lowenthal.webp', 'Agent Lowenthal', 'M', '2595351b-7e64-48d3-9521-659c76bb24ff', 1981, 'GB', 'WOA3'),
    ('a28d0827-a915-4f41-a285-7d7b4724e09b', 'Agent-Chamberlin.webp', 'Agent Chamberlin', 'M', '2595351b-7e64-48d3-9521-659c76bb24ff', 1992, 'GB', 'WOA3'),
    ('ebfbd1f8-bb42-4aa7-80e5-d2f198b97883', 'Agent-Davenport.webp', 'Agent Davenport', 'M', '2595351b-7e64-48d3-9521-659c76bb24ff', 1991, 'US', 'WOA3'),
    ('15639fb0-bf56-4c39-8a31-b68cf67afc39', 'Hush.webp', 'Hush', 'M', 'e04b3e6f-35fe-4f41-8a90-a74fa3e058df', 1965, 'KR', 'WOA3'),
    ('2053e9aa-39f4-4e35-9332-b9402a7c7b75', 'Imogen-Royce.webp', 'Imogen Royce', 'F', 'e04b3e6f-35fe-4f41-8a90-a74fa3e058df', 1988, 'GB', 'WOA3'),
    ('8af81062-69cb-4417-a2dd-4579b05eeda3', 'Don-Archibald-Yates.webp', 'Don Archibald Yates', 'M', 'ab14a100-d662-4872-845e-a05121c00c75', 1956, 'US', 'WOA3'),
    ('2a626a78-d9a5-4112-b3ce-95662f874e90', 'Tamara-Vidal.webp', 'Tamara Vidal', 'F', 'ab14a100-d662-4872-845e-a05121c00c75', 1982, 'AR', 'WOA3'),
    ('1b024540-1bb6-4138-a581-c642f6bb9d14', 'Arthur-Edwards.webp', 'Arthur Edwards', 'M', 'b2f5faba-5e66-4e7a-a768-997b2a2a89b5', 1961, 'US', 'WOA3');